w_log[0], w_log[1], theta_log, p_log
0.783634, -0.982304, -0.835235, 78
0.76171, -1.01937, -0.785235, 80
0.731074, -1.06932, -0.735235, 84
0.732316, -1.09125, -0.685235, 86
0.706024, -1.12438, -0.635235, 91
0.680678, -1.15651, -0.585235, 93
0.668108, -1.17722, -0.535235, 95
0.655173, -1.20118, -0.485235, 97
0.642674, -1.22566, -0.435235, 99
0.630104, -1.24637, -0.385235, 99
0.617533, -1.26708, -0.335235, 100
